n_features,f1_mean,f1_std
40,0.7881157797804024,0.0036187010769289725
20,0.7868998766223558,0.006419996608677964
50,0.7810566655081237,0.007943853871671049
30,0.7803741084161538,0.0055581349363483315
60,0.7767436372788697,0.00575278733982734
80,0.7767436372788697,0.00575278733982734
100,0.7767436372788697,0.00575278733982734
56,0.7767436372788697,0.00575278733982734
