n_features,f1_mean,f1_std
50,0.7855095267444433,0.0018967157828317968
20,0.784737431694898,0.008508504126777854
40,0.7834829228036063,0.006346244092926986
30,0.7819301312345978,0.004823836888782952
60,0.7773874969678882,0.005356650597109829
80,0.7773874969678882,0.005356650597109829
100,0.7773874969678882,0.005356650597109829
56,0.7773874969678882,0.005356650597109829
